organization	linear_url
3FA-app	https://linear.app/denman/project/githubcom3fa-app-c3db52220894
3fa-app-test	https://linear.app/denman/project/githubcom3fa-app-test-ad9ba775843f
agent-pontifex	https://linear.app/denman/project/githubcomagent-pontifex-1d2deb2be3c7
akrion-sim	https://linear.app/denman/project/githubcomakrion-sim-c66c5e5e8f12
anticaptrad	https://linear.app/denman/project/githubcomanticaptrad-e8b18d73b7f5
apostille-me	https://linear.app/denman/project/githubcomapostille-me-c884fbdbd637
athlet-o	https://linear.app/denman/project/githubcomathlet-o-b5a995fed9bb
benefactor-cc	https://linear.app/denman/project/githubcombenefactor-cc-6bef502a1ef0
canonical-cloud	https://linear.app/denman/project/githubcomcanonical-cloud-1659c8ea1adf
channelsiege	https://linear.app/denman/project/githubcomchannelsiege-6eecb913b93e
claritas-viz	https://linear.app/denman/project/githubcomclaritas-viz-09fcc5d7dd9e
claritas-viz-test	https://linear.app/denman/project/githubcomclaritas-viz-test-be061b785d84
cliptown	https://linear.app/denman/project/githubcomcliptown-adf62fab3f42
cliptown-test	https://linear.app/denman/project/githubcomcliptown-test-8157daa8a324
daedalus-fab	https://linear.app/denman/project/githubcomdaedalus-fab-6d311a6d8d19
dancing-dragons	https://linear.app/denman/project/githubcomdancing-dragons-d5bf7fdb3b92
declarative-migrations	https://linear.app/denman/project/githubcomdeclarative-migrations-ffa3841a100d
declarative-migrations-test	https://linear.app/denman/project/githubcomdeclarative-migrations-test-7e6b5d911bd8
discrete-event-systems	https://linear.app/denman/project/githubcomdiscrete-event-systems-4a3086ae0c45
drone-mngr	https://linear.app/denman/project/githubcomdrone-mngr-8ac391ac308d
embedded-alerts	https://linear.app/denman/project/githubcomembedded-alerts-2fb7392497ab
embedded-alerts-test	https://linear.app/denman/project/githubcomembedded-alerts-test-836aab58cf3e
evento-globolo	https://linear.app/denman/project/githubcomevento-globolo-4daaf1952e29
evento-globolo-test	https://linear.app/denman/project/githubcomevento-globolo-test-c65dde2765de
fanwaave	https://linear.app/denman/project/githubcomfanwaave-6ba038b59dbc
fiducia-cloud	https://linear.app/denman/project/githubcomfiducia-cloud-8fd5e1bec9d3
fiducia-cloud-test	https://linear.app/denman/project/githubcomfiducia-cloud-test-ad993264fa5e
fifa-math	https://linear.app/denman/project/githubcomfifa-math-06015d19054a
file-tunnel	https://linear.app/denman/project/githubcomfile-tunnel-f46884af1012
file-tunnel-test	https://linear.app/denman/project/githubcomfile-tunnel-test-c8f644168247
gha-indie-worker	https://linear.app/denman/project/githubcomgha-indie-worker-941d4102f7dc
hacker-house-medellin	https://linear.app/denman/project/githubcomhacker-house-medellin-d4043553c2b4
hypeblitz	https://linear.app/denman/project/githubcomhypeblitz-0290c506bc1d
hypesiege	https://linear.app/denman/project/githubcomhypesiege-12bdb95b4116
hypesiege-test	https://linear.app/denman/project/githubcomhypesiege-test-0a9c57b67742
led-dynamo	https://linear.app/denman/project/githubcomled-dynamo-bd51986e8494
memebank	https://linear.app/denman/project/memebank-3db5f5cc7452
memebank-test	https://linear.app/denman/project/githubcommemebank-test-6f5975c8c794
messaging-intel	https://linear.app/denman/project/githubcommessaging-intel-e1358db591e8
messaging-intel-test	https://linear.app/denman/project/githubcommessaging-intel-test-2c47a9893ffe
meta-agents-demo	https://linear.app/denman/project/meta-agents-demo-e6f63b3acf1f
networking-components	https://linear.app/denman/project/githubcomnetworking-components-0099b19507ec
OmniBlitz	https://linear.app/denman/project/githubcomomniblitz-b6c7bba447b0
opto-sync	https://linear.app/denman/project/githubcomopto-sync-de6ba65bd559
opto-sync-test	https://linear.app/denman/project/githubcomopto-sync-test-ab3f68a9b25a
quaestor-ledger	https://linear.app/denman/project/githubcomquaestor-ledger-a8cd440b3acc
quaestor-ledger-test	https://linear.app/denman/project/githubcomquaestor-ledger-test-5bbe2a7b92a1
r2g-test	https://linear.app/denman/project/githubcomr2g-test-22027d260a34
rust-ssr-demos	https://linear.app/denman/project/githubcomrust-ssr-demos-4aff6fcef4d4
sagitta-stack	https://linear.app/denman/project/githubcomsagitta-stack-60010601f42d
scintilla-run	https://linear.app/denman/project/githubcomscintilla-run-6d9dd5f5e244
scintilla-run-test	https://linear.app/denman/project/githubcomscintilla-run-test-260f59af5817
shared-auth	https://linear.app/denman/project/githubcomshared-auth-acbca07bb390
shared-auth-test	https://linear.app/denman/project/githubcomshared-auth-test-b01af6233a25
sonus-auris	https://linear.app/denman/project/githubcomsonus-auris-a557165528ef
sonus-auris-test	https://linear.app/denman/project/githubcomsonus-auris-test-226a3ded82fb
streamkore	https://linear.app/denman/project/githubcomstreamkore-b56684b6c8fd
StreemPilot	https://linear.app/denman/project/githubcomstreempilot-e8b8f6dee124
streempilot-test	https://linear.app/denman/project/githubcomstreempilot-test-481b1eec976c
unreal-unity-poc	https://linear.app/denman/project/githubcomunreal-unity-poc-687af0c16406
usa-acc	https://linear.app/denman/project/githubcomusa-acc-112232184d74
voxletra	https://linear.app/denman/project/githubcomvoxletra-5528d72e4a7d
zed-pkg	https://linear.app/denman/project/githubcomzed-pkg-5a53230ae6cc
zed-pkg-test	https://linear.app/denman/project/githubcomzed-pkg-test-e0b5db761974
